Folder,Files,LOC,SLOC-P,SLOC-L,MVG,BLOC,C&SLOC,CLOC,CWORD,HCLOC,HCWORD
Total,276,53594,29155,17985,3340,4175,217,20264,48763,4388,16503
E:\MyWork\Lynx System\Lynx Engine\Current\src,276,53594,29155,17985,3340,4175,217,20264,48763,4388,16503
E:\MyWork\Lynx System\Lynx Engine\Current\src\##shader,2,110,76,63,0,3,41,31,270,3,5
E:\MyWork\Lynx System\Lynx Engine\Current\src\##shader\d3d,2,110,76,63,0,3,41,31,270,3,5
E:\MyWork\Lynx System\Lynx Engine\Current\src\##shader\d3d\2_0,2,110,76,63,0,3,41,31,270,3,5
E:\MyWork\Lynx System\Lynx Engine\Current\src\##shader\d3d\2_0\vs,2,110,76,63,0,3,41,31,270,3,5
E:\MyWork\Lynx System\Lynx Engine\Current\src\AdvMaterialSystem,3,623,382,229,40,27,0,214,366,51,189
E:\MyWork\Lynx System\Lynx Engine\Current\src\Animation,6,935,466,271,48,39,1,430,995,102,378
E:\MyWork\Lynx System\Lynx Engine\Current\src\CollisionSystem,4,193,76,25,4,9,0,108,302,68,272
E:\MyWork\Lynx System\Lynx Engine\Current\src\Container,23,13790,6218,4491,581,1117,22,6455,15581,391,1449
E:\MyWork\Lynx System\Lynx Engine\Current\src\ControlPanel,3,337,220,131,6,39,0,78,128,0,0
E:\MyWork\Lynx System\Lynx Engine\Current\src\Font,2,431,165,98,6,17,0,249,681,34,126
E:\MyWork\Lynx System\Lynx Engine\Current\src\GameConsoleSystem,1,302,174,109,13,13,0,115,464,17,63
E:\MyWork\Lynx System\Lynx Engine\Current\src\GameFramework,2,1279,829,485,149,159,18,291,726,37,132
E:\MyWork\Lynx System\Lynx Engine\Current\src\GraphicsSystem,50,9297,6113,3924,1081,574,58,2610,6097,850,3150
E:\MyWork\Lynx System\Lynx Engine\Current\src\GraphicsSystem\D3D11Renderer,9,1777,1125,668,273,83,0,569,1155,153,567
E:\MyWork\Lynx System\Lynx Engine\Current\src\GraphicsSystem\D3D9Renderer,12,1675,1066,612,290,62,2,547,1132,204,756
E:\MyWork\Lynx System\Lynx Engine\Current\src\InputSystem,4,292,132,58,5,12,0,148,332,68,272
E:\MyWork\Lynx System\Lynx Engine\Current\src\LynxSDK,2,202,100,67,11,24,1,78,228,17,64
E:\MyWork\Lynx System\Lynx Engine\Current\src\MaterialSystem,6,2099,1436,905,185,138,2,525,940,102,378
E:\MyWork\Lynx System\Lynx Engine\Current\src\NetworkSystem,1,49,18,5,0,2,0,29,72,17,63
E:\MyWork\Lynx System\Lynx Engine\Current\src\PhysicsSystem,7,642,356,198,43,42,0,244,522,102,408
E:\MyWork\Lynx System\Lynx Engine\Current\src\PhysicsSystem\ODE,1,294,197,123,27,23,0,74,63,0,0
E:\MyWork\Lynx System\Lynx Engine\Current\src\SceneSystem,36,9965,5414,3352,558,978,67,3573,9413,523,1980
E:\MyWork\Lynx System\Lynx Engine\Current\src\SceneSystem\Camera,1,87,43,14,4,6,0,38,81,17,63
E:\MyWork\Lynx System\Lynx Engine\Current\src\SceneSystem\DynObj,4,433,215,92,22,29,1,189,383,68,252
E:\MyWork\Lynx System\Lynx Engine\Current\src\SceneSystem\HeightTable,2,198,115,66,18,13,0,70,153,34,126
E:\MyWork\Lynx System\Lynx Engine\Current\src\SceneSystem\Light,5,1468,945,536,106,134,3,389,812,85,315
E:\MyWork\Lynx System\Lynx Engine\Current\src\SceneSystem\Portal,1,57,22,8,0,2,0,33,80,17,68
E:\MyWork\Lynx System\Lynx Engine\Current\src\SceneSystem\StaticObj,17,3718,1907,1118,168,453,59,1358,4535,217,841
E:\MyWork\Lynx System\Lynx Engine\Current\src\SceneSystem\StaticObj\Cloud,1,51,20,7,0,2,0,29,72,17,63
E:\MyWork\Lynx System\Lynx Engine\Current\src\SceneSystem\StaticObj\Environ,1,52,21,8,0,2,0,29,72,17,63
E:\MyWork\Lynx System\Lynx Engine\Current\src\SceneSystem\StaticObj\Geometry,1,398,28,11,1,32,0,338,834,17,63
E:\MyWork\Lynx System\Lynx Engine\Current\src\SceneSystem\StaticObj\Grass,1,59,24,9,1,2,0,33,75,17,63
E:\MyWork\Lynx System\Lynx Engine\Current\src\SceneSystem\StaticObj\Sky,1,84,43,25,4,5,0,36,81,17,63
E:\MyWork\Lynx System\Lynx Engine\Current\src\SceneSystem\StaticObj\StaticMesh,1,67,28,11,1,2,0,37,78,17,63
E:\MyWork\Lynx System\Lynx Engine\Current\src\SceneSystem\StaticObj\Terrain,3,1135,633,369,62,166,26,336,1402,49,200
E:\MyWork\Lynx System\Lynx Engine\Current\src\SceneSystem\StaticObj\½Æ»s -Terrain,3,1398,797,482,86,207,30,394,1725,49,200
E:\MyWork\Lynx System\Lynx Engine\Current\src\SceneSystem\Tree,1,131,78,50,10,12,0,41,81,17,63
E:\MyWork\Lynx System\Lynx Engine\Current\src\SceneSystem\Tree\OSP,1,131,78,50,10,12,0,41,81,17,63
E:\MyWork\Lynx System\Lynx Engine\Current\src\ScriptSystem,4,255,118,56,10,13,0,124,314,68,272
E:\MyWork\Lynx System\Lynx Engine\Current\src\Shader,71,5588,2815,1230,116,455,0,2318,5395,1207,4473
E:\MyWork\Lynx System\Lynx Engine\Current\src\SoundSystem,1,41,14,4,0,2,0,25,69,17,63
E:\MyWork\Lynx System\Lynx Engine\Current\src\StateMachine,4,512,303,154,69,21,0,188,362,68,272
E:\MyWork\Lynx System\Lynx Engine\Current\src\Tree,6,339,82,34,0,16,0,241,600,102,378
E:\MyWork\Lynx System\Lynx Engine\Current\src\½Æ»s -MaterialSystem,4,737,467,298,47,29,0,241,453,68,252
