File,LOC,SLOC-P,SLOC-L,MVG,BLOC,C&SLOC,CLOC,CWORD,HCLOC,HCWORD
E:\MyWork\Lynx System\Lynx Engine\Current\src\#######LynxEngineCore.cpp,501,337,196,66,39,0,125,209,17,63
E:\MyWork\Lynx System\Lynx Engine\Current\src\##LynxString.cpp,37,13,8,0,3,0,21,71,17,68
E:\MyWork\Lynx System\Lynx Engine\Current\src\LynxBaseObj.cpp,41,12,5,0,2,0,27,76,17,68
E:\MyWork\Lynx System\Lynx Engine\Current\src\LynxBoolParam.cpp,46,15,4,0,2,0,29,77,17,68
E:\MyWork\Lynx System\Lynx Engine\Current\src\LynxBoxProxy.cpp,101,60,41,2,8,0,33,75,17,63
E:\MyWork\Lynx System\Lynx Engine\Current\src\LynxCoreEngine.cpp,202,122,60,23,16,1,64,115,17,63
E:\MyWork\Lynx System\Lynx Engine\Current\src\LynxCoreEnumString.cpp,13,10,6,0,3,0,0,0,0,0
E:\MyWork\Lynx System\Lynx Engine\Current\src\LynxDebugMemAllocator.cpp,64,25,9,3,2,0,37,83,17,68
E:\MyWork\Lynx System\Lynx Engine\Current\src\LynxEngine.cpp,1931,1316,749,153,173,1,442,1048,17,63
E:\MyWork\Lynx System\Lynx Engine\Current\src\LynxEngine_PCH.cpp,20,1,0,0,2,0,17,68,17,68
E:\MyWork\Lynx System\Lynx Engine\Current\src\LynxEnumString.cpp,63,55,60,0,8,0,0,0,0,0
E:\MyWork\Lynx System\Lynx Engine\Current\src\LynxFileOutputDevice.cpp,85,38,18,1,2,0,45,89,17,68
E:\MyWork\Lynx System\Lynx Engine\Current\src\LynxFloatParam.cpp,46,15,4,0,2,0,29,77,17,68
E:\MyWork\Lynx System\Lynx Engine\Current\src\LynxFPSCameraController.cpp,101,44,24,5,5,0,52,120,17,63
E:\MyWork\Lynx System\Lynx Engine\Current\src\LynxGameObj.cpp,332,162,90,20,26,1,144,354,17,68
E:\MyWork\Lynx System\Lynx Engine\Current\src\LynxHTMLOutputDevice.cpp,187,104,54,5,18,2,65,156,0,0
E:\MyWork\Lynx System\Lynx Engine\Current\src\LynxIniReader.cpp,88,42,28,4,9,0,37,83,17,68
E:\MyWork\Lynx System\Lynx Engine\Current\src\LynxIntParam.cpp,46,15,4,0,2,0,29,77,17,68
E:\MyWork\Lynx System\Lynx Engine\Current\src\LynxList.cpp,50,4,1,0,2,0,44,74,0,0
E:\MyWork\Lynx System\Lynx Engine\Current\src\LynxLogger.cpp,87,44,20,5,2,0,41,86,17,68
E:\MyWork\Lynx System\Lynx Engine\Current\src\LynxNativeArrayParam.cpp,38,15,6,4,2,0,21,71,17,68
E:\MyWork\Lynx System\Lynx Engine\Current\src\LynxObj.cpp,54,21,8,0,4,0,29,77,17,68
E:\MyWork\Lynx System\Lynx Engine\Current\src\LynxObjProxy.cpp,96,51,28,4,8,0,37,78,17,63
E:\MyWork\Lynx System\Lynx Engine\Current\src\LynxParam.cpp,82,42,26,1,3,0,37,83,17,68
E:\MyWork\Lynx System\Lynx Engine\Current\src\LynxParamGroup.cpp,56,24,9,1,2,0,30,79,17,68
E:\MyWork\Lynx System\Lynx Engine\Current\src\LynxParamManager.cpp,70,34,16,1,3,0,33,89,17,68
E:\MyWork\Lynx System\Lynx Engine\Current\src\LynxPyramidProxy.cpp,48,16,4,0,3,0,29,72,17,63
E:\MyWork\Lynx System\Lynx Engine\Current\src\LynxRenderableObj.cpp,207,127,68,19,13,0,67,108,17,63
E:\MyWork\Lynx System\Lynx Engine\Current\src\LynxResource.cpp,103,31,19,0,8,0,64,147,17,68
E:\MyWork\Lynx System\Lynx Engine\Current\src\LynxScreenOutputDevice.cpp,140,75,46,2,4,0,61,101,17,68
E:\MyWork\Lynx System\Lynx Engine\Current\src\LynxStartUp.cpp,338,194,109,46,44,2,100,216,0,0
E:\MyWork\Lynx System\Lynx Engine\Current\src\LynxString.cpp,85,1,0,0,2,0,82,174,17,68
E:\MyWork\Lynx System\Lynx Engine\Current\src\LynxwxTextOutputDevice.cpp,167,96,61,3,19,0,52,96,0,0
E:\MyWork\Lynx System\Lynx Engine\Current\src\lynxobjpointerparam.cpp.h,51,20,17,0,5,0,26,124,17,68
E:\MyWork\Lynx System\Lynx Engine\Current\src\##shader\d3d\2_0\vs\ShaderConstantPool.h,15,9,8,0,3,8,3,64,0,0
E:\MyWork\Lynx System\Lynx Engine\Current\src\##shader\d3d\2_0\vs\ShaderType.h,95,67,55,0,0,33,28,206,3,5
E:\MyWork\Lynx System\Lynx Engine\Current\src\AdvMaterialSystem\LynxAdvMaterial.cpp,262,181,117,20,11,0,70,104,17,63
E:\MyWork\Lynx System\Lynx Engine\Current\src\AdvMaterialSystem\LynxAdvMaterialPass.cpp,249,156,89,15,12,0,81,123,17,63
E:\MyWork\Lynx System\Lynx Engine\Current\src\AdvMaterialSystem\LynxAdvMaterialSystem.cpp,112,45,23,5,4,0,63,139,17,63
E:\MyWork\Lynx System\Lynx Engine\Current\src\Animation\LynxAnimation.cpp,338,215,139,29,17,0,106,232,17,63
E:\MyWork\Lynx System\Lynx Engine\Current\src\Animation\LynxAnimationFrame.cpp,41,14,4,0,2,0,25,69,17,63
E:\MyWork\Lynx System\Lynx Engine\Current\src\Animation\LynxAnimationKey.cpp,69,33,17,1,3,0,33,75,17,63
E:\MyWork\Lynx System\Lynx Engine\Current\src\Animation\LynxAnimationKeys.cpp,315,134,80,12,10,1,171,396,17,63
E:\MyWork\Lynx System\Lynx Engine\Current\src\Animation\LynxAnimationSet.cpp,118,52,26,6,5,0,61,137,17,63
E:\MyWork\Lynx System\Lynx Engine\Current\src\Animation\LynxAnimationTree.cpp,54,18,5,0,2,0,34,86,17,63
E:\MyWork\Lynx System\Lynx Engine\Current\src\CollisionSystem\LynxAABB.cpp,44,17,5,0,2,0,25,74,17,68
E:\MyWork\Lynx System\Lynx Engine\Current\src\CollisionSystem\LynxCollisionHierarchy.cpp,42,15,5,0,2,0,25,74,17,68
E:\MyWork\Lynx System\Lynx Engine\Current\src\CollisionSystem\LynxCollisionObj.cpp,49,18,6,0,2,0,29,77,17,68
E:\MyWork\Lynx System\Lynx Engine\Current\src\CollisionSystem\LynxCollisionSystem.cpp,58,26,9,4,3,0,29,77,17,68
E:\MyWork\Lynx System\Lynx Engine\Current\src\Container\Copy of LynxContainer.cpp,278,162,96,43,18,0,98,216,17,63
E:\MyWork\Lynx System\Lynx Engine\Current\src\Container\LynxBoneContainer.cpp,94,32,14,1,3,0,59,144,17,63
E:\MyWork\Lynx System\Lynx Engine\Current\src\Container\LynxCameraContainer.cpp,480,297,196,10,46,0,137,314,17,63
E:\MyWork\Lynx System\Lynx Engine\Current\src\Container\LynxContainer.cpp,1474,741,509,105,118,0,615,1245,17,63
E:\MyWork\Lynx System\Lynx Engine\Current\src\Container\LynxContainer_working.cpp,828,272,184,48,68,0,488,1105,17,63
E:\MyWork\Lynx System\Lynx Engine\Current\src\Container\LynxGeometryContainer.cpp,434,286,221,16,36,2,112,251,17,63
E:\MyWork\Lynx System\Lynx Engine\Current\src\Container\LynxMeshContainer.cpp,1309,712,607,39,155,3,442,899,17,63
E:\MyWork\Lynx System\Lynx Engine\Current\src\Container\LynxMeshlContainer.cpp,116,59,36,5,5,0,52,134,17,63
E:\MyWork\Lynx System\Lynx Engine\Current\src\Container\LynxModelContainer.cpp,2801,837,583,119,178,0,1786,4462,17,63
E:\MyWork\Lynx System\Lynx Engine\Current\src\Container\LynxParticle.cpp,155,69,48,3,8,0,78,178,17,63
E:\MyWork\Lynx System\Lynx Engine\Current\src\Container\LynxPEmitterContainer.cpp,593,320,211,38,43,1,230,506,17,63
E:\MyWork\Lynx System\Lynx Engine\Current\src\Container\LynxPointSpriteContainer.cpp,229,70,45,3,9,0,150,424,17,63
E:\MyWork\Lynx System\Lynx Engine\Current\src\Container\LynxPortalContainer.cpp,449,42,19,1,3,0,404,905,17,63
E:\MyWork\Lynx System\Lynx Engine\Current\src\Container\LynxReferenceContainer.cpp,78,23,8,0,2,0,53,131,17,63
E:\MyWork\Lynx System\Lynx Engine\Current\src\Container\lynxskydomecontainer.cpp,706,364,282,20,86,6,256,658,17,63
E:\MyWork\Lynx System\Lynx Engine\Current\src\Container\LynxSkyLightMap.cpp,87,44,23,6,8,0,35,81,17,63
E:\MyWork\Lynx System\Lynx Engine\Current\src\Container\LynxSprite3dClusterContainer.cpp,546,298,234,18,43,0,205,582,17,63
E:\MyWork\Lynx System\Lynx Engine\Current\src\Container\LynxSprite3dContainer.cpp,458,179,130,12,41,0,238,700,17,63
E:\MyWork\Lynx System\Lynx Engine\Current\src\Container\LynxSpriteContainer.cpp,361,117,73,5,24,0,220,694,17,63
E:\MyWork\Lynx System\Lynx Engine\Current\src\Container\LynxSpriteGrassContainer.cpp,668,348,271,22,57,2,263,722,17,63
E:\MyWork\Lynx System\Lynx Engine\Current\src\Container\LynxStaticMeshContainer.cpp,153,82,45,9,10,0,61,146,17,63
E:\MyWork\Lynx System\Lynx Engine\Current\src\Container\LynxTerrainContainer.cpp,1202,734,572,48,132,8,336,728,17,63
E:\MyWork\Lynx System\Lynx Engine\Current\src\Container\lynxvolumetriccloudcontainer.cpp,291,130,84,10,24,0,137,356,17,63
E:\MyWork\Lynx System\Lynx Engine\Current\src\ControlPanel\LynxControlPanel.cpp,106,52,23,0,12,0,42,77,0,0
E:\MyWork\Lynx System\Lynx Engine\Current\src\ControlPanel\LynxMemoryPage.cpp,115,85,55,3,14,0,16,15,0,0
E:\MyWork\Lynx System\Lynx Engine\Current\src\ControlPanel\LynxResourcePage.cpp,116,83,53,3,13,0,20,36,0,0
E:\MyWork\Lynx System\Lynx Engine\Current\src\Font\LynxFont.cpp,161,87,61,3,12,0,62,148,17,63
E:\MyWork\Lynx System\Lynx Engine\Current\src\Font\LynxFontString.cpp,270,78,37,3,5,0,187,533,17,63
E:\MyWork\Lynx System\Lynx Engine\Current\src\GameConsoleSystem\LynxGameConsoleSystem.cpp,302,174,109,13,13,0,115,464,17,63
E:\MyWork\Lynx System\Lynx Engine\Current\src\GameFramework\LynxGameFrameworkKenelMain.cpp,848,512,304,94,124,8,212,534,20,69
E:\MyWork\Lynx System\Lynx Engine\Current\src\GameFramework\LynxGameFrameworkKernel.cpp,431,317,181,55,35,10,79,192,17,63
E:\MyWork\Lynx System\Lynx Engine\Current\src\GraphicsSystem\!!LynxDepthState.cpp,94,47,19,1,6,0,41,81,17,63
E:\MyWork\Lynx System\Lynx Engine\Current\src\GraphicsSystem\LynxBlendState.cpp,156,103,67,9,12,0,41,81,17,63
E:\MyWork\Lynx System\Lynx Engine\Current\src\GraphicsSystem\LynxBuffer.cpp,43,15,5,0,3,0,25,69,17,63
E:\MyWork\Lynx System\Lynx Engine\Current\src\GraphicsSystem\LynxCubeShadowMap.cpp,77,36,21,3,6,0,35,81,17,63
E:\MyWork\Lynx System\Lynx Engine\Current\src\GraphicsSystem\LynxDepthMap.cpp,86,45,25,7,8,0,33,75,17,63
E:\MyWork\Lynx System\Lynx Engine\Current\src\GraphicsSystem\LynxDepthStencilState.cpp,146,92,46,2,13,0,41,81,17,63
E:\MyWork\Lynx System\Lynx Engine\Current\src\GraphicsSystem\LynxGBufferMap.cpp,86,45,25,7,8,0,33,75,17,63
E:\MyWork\Lynx System\Lynx Engine\Current\src\GraphicsSystem\LynxGlowMap.cpp,89,47,27,7,9,0,33,75,17,63
E:\MyWork\Lynx System\Lynx Engine\Current\src\GraphicsSystem\LynxGraphicsSystem.cpp,2218,1684,1367,140,180,48,354,1380,17,63
E:\MyWork\Lynx System\Lynx Engine\Current\src\GraphicsSystem\LynxIndexArray.cpp,44,17,6,0,2,0,25,69,17,63
E:\MyWork\Lynx System\Lynx Engine\Current\src\GraphicsSystem\LynxLuminanceMap.cpp,89,46,27,6,10,0,33,75,17,63
E:\MyWork\Lynx System\Lynx Engine\Current\src\GraphicsSystem\LynxMap.cpp,185,108,60,16,8,0,69,103,17,63
E:\MyWork\Lynx System\Lynx Engine\Current\src\GraphicsSystem\LynxOffscreen.cpp,92,48,28,7,9,0,35,81,17,63
E:\MyWork\Lynx System\Lynx Engine\Current\src\GraphicsSystem\LynxPixelShader.cpp,45,17,6,0,3,0,25,70,17,63
E:\MyWork\Lynx System\Lynx Engine\Current\src\GraphicsSystem\LynxQuery.cpp,54,23,9,0,2,0,29,72,17,63
E:\MyWork\Lynx System\Lynx Engine\Current\src\GraphicsSystem\LynxRasterizerState.cpp,94,46,20,2,7,0,41,81,17,63
E:\MyWork\Lynx System\Lynx Engine\Current\src\GraphicsSystem\LynxRenderer.cpp,1329,1036,645,278,78,0,215,319,17,63
E:\MyWork\Lynx System\Lynx Engine\Current\src\GraphicsSystem\LynxSamplerState.cpp,152,97,48,2,14,0,41,81,17,63
E:\MyWork\Lynx System\Lynx Engine\Current\src\GraphicsSystem\LynxShader.cpp,43,15,5,0,3,0,25,69,17,63
E:\MyWork\Lynx System\Lynx Engine\Current\src\GraphicsSystem\LynxShaderClass.cpp,69,37,18,7,3,0,29,72,17,63
E:\MyWork\Lynx System\Lynx Engine\Current\src\GraphicsSystem\LynxShadowMap.cpp,92,49,29,7,8,0,35,81,17,63
E:\MyWork\Lynx System\Lynx Engine\Current\src\GraphicsSystem\LynxTerrainVetex.cpp,73,34,19,0,3,8,36,121,17,63
E:\MyWork\Lynx System\Lynx Engine\Current\src\GraphicsSystem\LynxTexture.cpp,71,34,16,1,4,0,33,75,17,63
E:\MyWork\Lynx System\Lynx Engine\Current\src\GraphicsSystem\lynxtonemap.cpp,92,50,31,5,9,0,33,75,17,63
E:\MyWork\Lynx System\Lynx Engine\Current\src\GraphicsSystem\LynxVelocityMap.cpp,77,35,19,5,9,0,33,75,17,63
E:\MyWork\Lynx System\Lynx Engine\Current\src\GraphicsSystem\LynxVertexArray.cpp,47,19,8,0,3,0,25,69,17,63
E:\MyWork\Lynx System\Lynx Engine\Current\src\GraphicsSystem\LynxVertexLayout.cpp,94,53,29,6,3,0,38,79,17,63
E:\MyWork\Lynx System\Lynx Engine\Current\src\GraphicsSystem\LynxVertexShader.cpp,45,17,6,0,3,0,25,69,17,63
E:\MyWork\Lynx System\Lynx Engine\Current\src\GraphicsSystem\LynxVetexDesc.cpp,63,27,13,0,3,0,33,76,17,63
E:\MyWork\Lynx System\Lynx Engine\Current\src\GraphicsSystem\D3D11Renderer\LynxD3D11BlendState.cpp,91,52,27,5,6,0,33,75,17,63
E:\MyWork\Lynx System\Lynx Engine\Current\src\GraphicsSystem\D3D11Renderer\LynxD3D11Buffer.cpp,51,24,8,0,2,0,25,69,17,63
E:\MyWork\Lynx System\Lynx Engine\Current\src\GraphicsSystem\D3D11Renderer\LynxD3D11DepthStencilState.cpp,90,51,30,4,6,0,33,75,17,63
E:\MyWork\Lynx System\Lynx Engine\Current\src\GraphicsSystem\D3D11Renderer\LynxD3D11RasterizerState.cpp,88,49,26,4,6,0,33,75,17,63
E:\MyWork\Lynx System\Lynx Engine\Current\src\GraphicsSystem\D3D11Renderer\LynxD3D11Renderer.cpp,806,511,328,168,30,0,265,508,17,63
E:\MyWork\Lynx System\Lynx Engine\Current\src\GraphicsSystem\D3D11Renderer\LynxD3D11SamplerState.cpp,90,52,29,4,5,0,33,75,17,63
E:\MyWork\Lynx System\Lynx Engine\Current\src\GraphicsSystem\D3D11Renderer\LynxD3D11Texture.cpp,225,153,92,22,11,0,61,113,17,63
E:\MyWork\Lynx System\Lynx Engine\Current\src\GraphicsSystem\D3D11Renderer\LynxD3D11VertexArray.cpp,121,72,40,9,8,0,41,81,17,63
E:\MyWork\Lynx System\Lynx Engine\Current\src\GraphicsSystem\D3D11Renderer\LynxD3D11VertexLayout.cpp,215,161,88,57,9,0,45,84,17,63
E:\MyWork\Lynx System\Lynx Engine\Current\src\GraphicsSystem\D3D9Renderer\!!LynxD3D9DepthState.cpp,60,25,9,0,2,0,33,75,17,63
E:\MyWork\Lynx System\Lynx Engine\Current\src\GraphicsSystem\D3D9Renderer\LynxD3D9BlendState.cpp,61,26,10,1,2,0,33,75,17,63
E:\MyWork\Lynx System\Lynx Engine\Current\src\GraphicsSystem\D3D9Renderer\LynxD3D9Buffer.cpp,65,34,15,3,2,0,29,72,17,63
E:\MyWork\Lynx System\Lynx Engine\Current\src\GraphicsSystem\D3D9Renderer\LynxD3D9DepthStencilState.cpp,68,32,14,2,3,0,33,75,17,63
E:\MyWork\Lynx System\Lynx Engine\Current\src\GraphicsSystem\D3D9Renderer\LynxD3D9PixelShader.cpp,148,89,46,12,3,0,56,102,17,63
E:\MyWork\Lynx System\Lynx Engine\Current\src\GraphicsSystem\D3D9Renderer\LynxD3D9Query.cpp,106,58,27,8,3,0,45,84,17,63
E:\MyWork\Lynx System\Lynx Engine\Current\src\GraphicsSystem\D3D9Renderer\LynxD3D9RasterizerState.cpp,63,28,11,1,2,0,33,75,17,63
E:\MyWork\Lynx System\Lynx Engine\Current\src\GraphicsSystem\D3D9Renderer\LynxD3D9Renderer.cpp,661,521,347,233,24,2,116,230,17,63
E:\MyWork\Lynx System\Lynx Engine\Current\src\GraphicsSystem\D3D9Renderer\LynxD3D9SamplerState.cpp,88,49,26,5,4,0,35,84,17,63
E:\MyWork\Lynx System\Lynx Engine\Current\src\GraphicsSystem\D3D9Renderer\LynxD3D9Texture.cpp,146,86,47,11,7,0,53,90,17,63
E:\MyWork\Lynx System\Lynx Engine\Current\src\GraphicsSystem\D3D9Renderer\LynxD3D9VertexLayout.cpp,88,45,23,4,6,0,37,78,17,63
E:\MyWork\Lynx System\Lynx Engine\Current\src\GraphicsSystem\D3D9Renderer\LynxD3D9VertexShader.cpp,121,73,37,10,4,0,44,92,17,63
E:\MyWork\Lynx System\Lynx Engine\Current\src\InputSystem\LynxInputDevice.cpp,52,21,8,0,2,0,29,77,17,68
E:\MyWork\Lynx System\Lynx Engine\Current\src\InputSystem\LynxInputSystem.cpp,115,57,28,4,5,0,53,95,17,68
E:\MyWork\Lynx System\Lynx Engine\Current\src\InputSystem\LynxKeyboard.cpp,65,29,12,1,3,0,33,80,17,68
E:\MyWork\Lynx System\Lynx Engine\Current\src\InputSystem\LynxMouse.cpp,60,25,10,0,2,0,33,80,17,68
E:\MyWork\Lynx System\Lynx Engine\Current\src\LynxSDK\LynxRenderer.cpp,159,80,58,11,20,0,59,179,17,63
E:\MyWork\Lynx System\Lynx Engine\Current\src\LynxSDK\LynxSDKEnumString.cpp,43,20,9,0,4,1,19,49,0,1
E:\MyWork\Lynx System\Lynx Engine\Current\src\MaterialSystem\LynxMaterial.cpp,728,596,408,85,47,2,85,147,17,63
E:\MyWork\Lynx System\Lynx Engine\Current\src\MaterialSystem\lynxmaterialpass.cpp,329,200,112,16,19,0,110,153,17,63
E:\MyWork\Lynx System\Lynx Engine\Current\src\MaterialSystem\LynxMaterialPhase.cpp,234,162,101,21,9,0,63,110,17,63
E:\MyWork\Lynx System\Lynx Engine\Current\src\MaterialSystem\LynxMaterialSystem.cpp,192,101,45,12,10,0,81,153,17,63
E:\MyWork\Lynx System\Lynx Engine\Current\src\MaterialSystem\LynxMaterialTechnique.cpp,173,109,62,11,11,0,53,90,17,63
E:\MyWork\Lynx System\Lynx Engine\Current\src\MaterialSystem\LynxTextureAnimation.cpp,443,268,177,40,42,0,133,287,17,63
E:\MyWork\Lynx System\Lynx Engine\Current\src\NetworkSystem\LynxNetworkSystem.cpp,49,18,5,0,2,0,29,72,17,63
E:\MyWork\Lynx System\Lynx Engine\Current\src\PhysicsSystem\LynxPhysicsGeometry.cpp,46,19,9,0,2,0,25,74,17,68
E:\MyWork\Lynx System\Lynx Engine\Current\src\PhysicsSystem\LynxPhysicsJoint.cpp,45,18,8,0,2,0,25,74,17,68
E:\MyWork\Lynx System\Lynx Engine\Current\src\PhysicsSystem\LynxPhysicsObj.cpp,83,47,25,11,7,0,29,77,17,68
E:\MyWork\Lynx System\Lynx Engine\Current\src\PhysicsSystem\LynxPhysicsSpace.cpp,42,15,5,0,2,0,25,74,17,68
E:\MyWork\Lynx System\Lynx Engine\Current\src\PhysicsSystem\LynxPhysicsSystem.cpp,84,40,17,5,3,0,41,86,17,68
E:\MyWork\Lynx System\Lynx Engine\Current\src\PhysicsSystem\LynxPhysicsWorld.cpp,48,20,11,0,3,0,25,74,17,68
E:\MyWork\Lynx System\Lynx Engine\Current\src\PhysicsSystem\ODE\LynxODEPhysicsObj.cpp,294,197,123,27,23,0,74,63,0,0
E:\MyWork\Lynx System\Lynx Engine\Current\src\SceneSystem\LynxOceanMaterial.cpp,154,64,47,0,15,2,75,183,0,0
E:\MyWork\Lynx System\Lynx Engine\Current\src\SceneSystem\LynxSceneSystem.cpp,122,68,38,5,5,0,49,87,17,63
E:\MyWork\Lynx System\Lynx Engine\Current\src\SceneSystem\LynxScn.cpp,3481,1904,1357,223,304,2,1273,2874,17,63
E:\MyWork\Lynx System\Lynx Engine\Current\src\SceneSystem\LynxScnMaterial.cpp,67,35,20,2,3,0,29,72,17,63
E:\MyWork\Lynx System\Lynx Engine\Current\src\SceneSystem\LynxSurface.cpp,49,18,6,0,2,0,29,72,17,63
E:\MyWork\Lynx System\Lynx Engine\Current\src\SceneSystem\Camera\LynxCanmera.cpp,87,43,14,4,6,0,38,81,17,63
E:\MyWork\Lynx System\Lynx Engine\Current\src\SceneSystem\DynObj\LynxDynObj.cpp,249,136,59,18,16,1,97,161,17,63
E:\MyWork\Lynx System\Lynx Engine\Current\src\SceneSystem\DynObj\LynxDynObj_Physics.cpp,83,41,21,4,9,0,33,75,17,63
E:\MyWork\Lynx System\Lynx Engine\Current\src\SceneSystem\DynObj\LynxEntity.cpp,51,20,7,0,2,0,29,72,17,63
E:\MyWork\Lynx System\Lynx Engine\Current\src\SceneSystem\DynObj\LynxRagDoll.cpp,50,18,5,0,2,0,30,75,17,63
E:\MyWork\Lynx System\Lynx Engine\Current\src\SceneSystem\HeightTable\LynxHeightTable.cpp,145,93,57,17,11,0,41,81,17,63
E:\MyWork\Lynx System\Lynx Engine\Current\src\SceneSystem\HeightTable\LynxHeightUnit.cpp,53,22,9,1,2,0,29,72,17,63
E:\MyWork\Lynx System\Lynx Engine\Current\src\SceneSystem\Light\LynxAmbientLight.cpp,121,65,28,2,7,0,49,87,17,63
E:\MyWork\Lynx System\Lynx Engine\Current\src\SceneSystem\Light\LynxDirectionalLight.cpp,285,205,114,30,24,1,56,105,17,63
E:\MyWork\Lynx System\Lynx Engine\Current\src\SceneSystem\Light\LynxLight.cpp,366,226,121,17,37,2,103,221,17,63
E:\MyWork\Lynx System\Lynx Engine\Current\src\SceneSystem\Light\LynxPointLight.cpp,324,201,123,27,32,0,91,205,17,63
E:\MyWork\Lynx System\Lynx Engine\Current\src\SceneSystem\Light\LynxSpotLight.cpp,372,248,150,30,34,0,90,194,17,63
E:\MyWork\Lynx System\Lynx Engine\Current\src\SceneSystem\Portal\LynxPortal.cpp,57,22,8,0,2,0,33,80,17,68
E:\MyWork\Lynx System\Lynx Engine\Current\src\SceneSystem\StaticObj\LynxStaticObj.cpp,118,69,29,5,11,0,38,79,17,63
E:\MyWork\Lynx System\Lynx Engine\Current\src\SceneSystem\StaticObj\LynxStaticObj_Material.cpp,56,39,21,2,1,0,16,12,0,0
E:\MyWork\Lynx System\Lynx Engine\Current\src\SceneSystem\StaticObj\LynxStaticObj_Shift_Material.cpp,71,50,31,2,1,0,20,15,0,0
E:\MyWork\Lynx System\Lynx Engine\Current\src\SceneSystem\StaticObj\LynxStaticObj_Simple_Lighting_Material.cpp,95,53,35,2,6,0,36,65,0,0
E:\MyWork\Lynx System\Lynx Engine\Current\src\SceneSystem\StaticObj\LynxStaticObj_Simple_Lighting_ShadowMap_Material.cpp,134,102,80,2,16,3,16,25,0,0
E:\MyWork\Lynx System\Lynx Engine\Current\src\SceneSystem\StaticObj\Cloud\LynxCloud.cpp,51,20,7,0,2,0,29,72,17,63
E:\MyWork\Lynx System\Lynx Engine\Current\src\SceneSystem\StaticObj\Environ\LynxEnviron.cpp,52,21,8,0,2,0,29,72,17,63
E:\MyWork\Lynx System\Lynx Engine\Current\src\SceneSystem\StaticObj\Geometry\LynxGeometry.cpp,398,28,11,1,32,0,338,834,17,63
E:\MyWork\Lynx System\Lynx Engine\Current\src\SceneSystem\StaticObj\Grass\LynxGrass.cpp,59,24,9,1,2,0,33,75,17,63
E:\MyWork\Lynx System\Lynx Engine\Current\src\SceneSystem\StaticObj\Sky\LynxSky.cpp,84,43,25,4,5,0,36,81,17,63
E:\MyWork\Lynx System\Lynx Engine\Current\src\SceneSystem\StaticObj\StaticMesh\LynxStaticMesh.cpp,67,28,11,1,2,0,37,78,17,63
E:\MyWork\Lynx System\Lynx Engine\Current\src\SceneSystem\StaticObj\Terrain\LynxPatch.cpp,503,283,159,23,63,22,157,779,17,63
E:\MyWork\Lynx System\Lynx Engine\Current\src\SceneSystem\StaticObj\Terrain\LynxTerrain.cpp,67,28,11,1,2,0,37,78,17,63
E:\MyWork\Lynx System\Lynx Engine\Current\src\SceneSystem\StaticObj\Terrain\Utility.cpp,565,322,199,38,101,4,142,545,15,74
E:\MyWork\Lynx System\Lynx Engine\Current\src\SceneSystem\StaticObj\複製 -Terrain\LynxPatch.cpp,503,283,159,23,63,22,157,779,17,63
E:\MyWork\Lynx System\Lynx Engine\Current\src\SceneSystem\StaticObj\複製 -Terrain\LynxTerrain.cpp,330,192,124,25,43,4,95,401,17,63
E:\MyWork\Lynx System\Lynx Engine\Current\src\SceneSystem\StaticObj\複製 -Terrain\Utility.cpp,565,322,199,38,101,4,142,545,15,74
E:\MyWork\Lynx System\Lynx Engine\Current\src\SceneSystem\Tree\OSP\LynxOSPTree.cpp,131,78,50,10,12,0,41,81,17,63
E:\MyWork\Lynx System\Lynx Engine\Current\src\ScriptSystem\LynxScript.cpp,44,17,7,0,2,0,25,74,17,68
E:\MyWork\Lynx System\Lynx Engine\Current\src\ScriptSystem\LynxScriptClass.cpp,47,19,7,0,3,0,25,74,17,68
E:\MyWork\Lynx System\Lynx Engine\Current\src\ScriptSystem\LynxScriptSystem.cpp,90,45,25,5,4,0,41,86,17,68
E:\MyWork\Lynx System\Lynx Engine\Current\src\ScriptSystem\LynxVMachine.cpp,74,37,17,5,4,0,33,80,17,68
E:\MyWork\Lynx System\Lynx Engine\Current\src\Shader\LynxAddTwoChannelPS.cpp,67,30,10,1,4,0,33,76,17,63
E:\MyWork\Lynx System\Lynx Engine\Current\src\Shader\LynxAmbientLightingPS.cpp,76,34,12,1,6,0,36,82,17,63
E:\MyWork\Lynx System\Lynx Engine\Current\src\Shader\LynxBoxBlurPS.cpp,67,30,10,1,4,0,33,76,17,63
E:\MyWork\Lynx System\Lynx Engine\Current\src\Shader\LynxColorPS.cpp,67,30,10,1,4,0,33,76,17,63
E:\MyWork\Lynx System\Lynx Engine\Current\src\Shader\LynxConstantColorPS.cpp,77,39,17,2,5,0,33,76,17,63
E:\MyWork\Lynx System\Lynx Engine\Current\src\Shader\LynxDeferredAmbientLightingPS.cpp,84,43,20,1,8,0,33,76,17,63
E:\MyWork\Lynx System\Lynx Engine\Current\src\Shader\LynxDeferredDiretionalLightingPS.cpp,138,88,54,4,8,0,42,91,17,63
E:\MyWork\Lynx System\Lynx Engine\Current\src\Shader\LynxDeferredPointLightingPS.cpp,105,64,38,3,8,0,33,76,17,63
E:\MyWork\Lynx System\Lynx Engine\Current\src\Shader\LynxDeferredSpotLightingPS.cpp,111,70,44,3,8,0,33,76,17,63
E:\MyWork\Lynx System\Lynx Engine\Current\src\Shader\LynxDiffuseMapPS.cpp,67,30,10,1,4,0,33,76,17,63
E:\MyWork\Lynx System\Lynx Engine\Current\src\Shader\LynxDiffuseMapXColorPS.cpp,77,39,17,2,5,0,33,76,17,63
E:\MyWork\Lynx System\Lynx Engine\Current\src\Shader\LynxDiffuseMapXDiffuseColorPS.cpp,67,30,10,1,4,0,33,76,17,63
E:\MyWork\Lynx System\Lynx Engine\Current\src\Shader\LynxGeometryDiffuseVS.cpp,57,24,7,1,4,0,29,73,17,63
E:\MyWork\Lynx System\Lynx Engine\Current\src\Shader\LynxGeometryGPassVS.cpp,87,46,23,2,8,0,33,76,17,63
E:\MyWork\Lynx System\Lynx Engine\Current\src\Shader\LynxGeometryLightingVS.cpp,96,49,23,2,11,0,36,79,17,63
E:\MyWork\Lynx System\Lynx Engine\Current\src\Shader\LynxGeometryLightmapVS.cpp,57,24,7,1,4,0,29,73,17,63
E:\MyWork\Lynx System\Lynx Engine\Current\src\Shader\LynxGeometryShadowMapVS.cpp,95,54,25,3,8,0,33,76,17,63
E:\MyWork\Lynx System\Lynx Engine\Current\src\Shader\LynxGeometrySimpleLightingVS.cpp,57,24,7,1,4,0,29,73,17,63
E:\MyWork\Lynx System\Lynx Engine\Current\src\Shader\LynxGeometryVS.cpp,88,47,22,2,8,0,33,76,17,63
E:\MyWork\Lynx System\Lynx Engine\Current\src\Shader\LynxGeometryZPassVS.cpp,91,49,24,4,9,0,33,76,17,63
E:\MyWork\Lynx System\Lynx Engine\Current\src\Shader\LynxGPassPS.cpp,79,37,16,1,9,0,33,76,17,63
E:\MyWork\Lynx System\Lynx Engine\Current\src\Shader\LynxPointLightingPS.cpp,72,34,12,1,5,0,33,76,17,63
E:\MyWork\Lynx System\Lynx Engine\Current\src\Shader\LynxPostAdaptLuminancePS.cpp,73,36,10,1,4,0,33,76,17,63
E:\MyWork\Lynx System\Lynx Engine\Current\src\Shader\LynxPostAverageLuminancePS.cpp,73,36,10,1,4,0,33,76,17,63
E:\MyWork\Lynx System\Lynx Engine\Current\src\Shader\LynxPostBrightPassPS.cpp,73,36,10,1,4,0,33,76,17,63
E:\MyWork\Lynx System\Lynx Engine\Current\src\Shader\LynxPostComputeLuminancePS.cpp,73,36,10,1,4,0,33,76,17,63
E:\MyWork\Lynx System\Lynx Engine\Current\src\Shader\LynxPostDOFPS.cpp,73,36,10,1,4,0,33,76,17,63
E:\MyWork\Lynx System\Lynx Engine\Current\src\Shader\LynxPostGetLuminancePS.cpp,73,36,10,1,4,0,33,76,17,63
E:\MyWork\Lynx System\Lynx Engine\Current\src\Shader\LynxPostSSAOPS.cpp,97,56,27,2,6,0,35,80,17,63
E:\MyWork\Lynx System\Lynx Engine\Current\src\Shader\LynxPostToneMappingPS.cpp,73,36,10,1,4,0,33,76,17,63
E:\MyWork\Lynx System\Lynx Engine\Current\src\Shader\LynxProxyPS.cpp,71,32,12,1,6,0,33,76,17,63
E:\MyWork\Lynx System\Lynx Engine\Current\src\Shader\LynxProxyVS.cpp,77,36,15,1,8,0,33,76,17,63
E:\MyWork\Lynx System\Lynx Engine\Current\src\Shader\LynxScreenDepthQuadVS.cpp,66,29,10,1,4,0,33,76,17,63
E:\MyWork\Lynx System\Lynx Engine\Current\src\Shader\LynxScreenQuadBlurTexCoordVS.cpp,66,29,10,1,4,0,33,76,17,63
E:\MyWork\Lynx System\Lynx Engine\Current\src\Shader\LynxScreenQuadVS.cpp,66,29,10,1,4,0,33,76,17,63
E:\MyWork\Lynx System\Lynx Engine\Current\src\Shader\LynxShadowMapPS.cpp,69,31,11,1,5,0,33,76,17,63
E:\MyWork\Lynx System\Lynx Engine\Current\src\Shader\LynxShadowMap_AlphaTestPS.cpp,58,25,7,1,4,0,29,73,17,63
E:\MyWork\Lynx System\Lynx Engine\Current\src\Shader\LynxSimpleLightingPS.cpp,91,46,24,1,10,0,35,80,17,63
E:\MyWork\Lynx System\Lynx Engine\Current\src\Shader\LynxSimplePassPS.cpp,77,39,17,2,5,0,33,76,17,63
E:\MyWork\Lynx System\Lynx Engine\Current\src\Shader\LynxSkinningModelGPassVS.cpp,91,51,27,2,7,0,33,76,17,63
E:\MyWork\Lynx System\Lynx Engine\Current\src\Shader\LynxSkinningModelShadowMapVS.cpp,100,59,29,3,8,0,33,76,17,63
E:\MyWork\Lynx System\Lynx Engine\Current\src\Shader\LynxSkinningModelSimpleLightingVS.cpp,90,49,25,2,8,0,33,76,17,63
E:\MyWork\Lynx System\Lynx Engine\Current\src\Shader\LynxSkinningModelVS.cpp,90,49,25,2,8,0,33,76,17,63
E:\MyWork\Lynx System\Lynx Engine\Current\src\Shader\LynxSkinningModelZPassVS.cpp,94,53,27,4,8,0,33,76,17,63
E:\MyWork\Lynx System\Lynx Engine\Current\src\Shader\LynxSkyDomePS.cpp,76,38,19,1,5,0,33,76,17,63
E:\MyWork\Lynx System\Lynx Engine\Current\src\Shader\LynxSkyDomeVS.cpp,91,50,26,2,8,0,33,76,17,63
E:\MyWork\Lynx System\Lynx Engine\Current\src\Shader\LynxSkyLightPS.cpp,79,38,18,1,8,0,33,76,17,63
E:\MyWork\Lynx System\Lynx Engine\Current\src\Shader\LynxSpotLightingPS.cpp,72,34,12,1,5,0,33,76,17,63
E:\MyWork\Lynx System\Lynx Engine\Current\src\Shader\LynxSprite3DClusterGPassPS.cpp,74,33,13,1,8,0,33,76,17,63
E:\MyWork\Lynx System\Lynx Engine\Current\src\Shader\LynxSprite3DClusterGPassVS.cpp,58,25,7,1,4,0,29,73,17,63
E:\MyWork\Lynx System\Lynx Engine\Current\src\Shader\LynxSprite3DClusterShadowMapVS.cpp,58,25,7,1,4,0,29,73,17,63
E:\MyWork\Lynx System\Lynx Engine\Current\src\Shader\LynxSprite3DClusterVS.cpp,100,56,34,2,11,0,33,76,17,63
E:\MyWork\Lynx System\Lynx Engine\Current\src\Shader\LynxSprite3DClusterZPassVS.cpp,105,60,36,4,12,0,33,76,17,63
E:\MyWork\Lynx System\Lynx Engine\Current\src\Shader\LynxSprite3DVS.cpp,85,43,24,1,9,0,33,76,17,63
E:\MyWork\Lynx System\Lynx Engine\Current\src\Shader\LynxSpriteGrassGPassPS.cpp,74,33,13,1,8,0,33,76,17,63
E:\MyWork\Lynx System\Lynx Engine\Current\src\Shader\LynxSpriteGrassGPassVS.cpp,58,25,7,1,4,0,29,73,17,63
E:\MyWork\Lynx System\Lynx Engine\Current\src\Shader\LynxSpriteGrassShadowMapVS.cpp,58,25,7,1,4,0,29,73,17,63
E:\MyWork\Lynx System\Lynx Engine\Current\src\Shader\LynxSpriteGrassVS.cpp,104,59,36,2,12,0,33,76,17,63
E:\MyWork\Lynx System\Lynx Engine\Current\src\Shader\LynxSpriteGrassZPassVS.cpp,109,63,38,4,13,0,33,76,17,63
E:\MyWork\Lynx System\Lynx Engine\Current\src\Shader\LynxTerrainGpassPS.cpp,77,35,14,1,9,0,33,76,17,63
E:\MyWork\Lynx System\Lynx Engine\Current\src\Shader\LynxTerrainGPassVS.cpp,57,24,7,1,4,0,29,73,17,63
E:\MyWork\Lynx System\Lynx Engine\Current\src\Shader\LynxTerrainShadowMapVS.cpp,95,54,25,3,8,0,33,76,17,63
E:\MyWork\Lynx System\Lynx Engine\Current\src\Shader\LynxTerrainSimpleLightingPS.cpp,71,31,12,1,7,0,33,76,17,63
E:\MyWork\Lynx System\Lynx Engine\Current\src\Shader\LynxTerrainSimpleLightingVS.cpp,57,24,7,1,4,0,29,73,17,63
E:\MyWork\Lynx System\Lynx Engine\Current\src\Shader\LynxTerrainSimplePS.cpp,71,31,12,1,7,0,33,76,17,63
E:\MyWork\Lynx System\Lynx Engine\Current\src\Shader\LynxTerrainVS.cpp,57,24,7,1,4,0,29,73,17,63
E:\MyWork\Lynx System\Lynx Engine\Current\src\Shader\LynxTerrainZPassVS.cpp,91,49,24,4,9,0,33,76,17,63
E:\MyWork\Lynx System\Lynx Engine\Current\src\Shader\LynxTextureAnimationPreviewPS.cpp,67,30,10,1,4,0,33,76,17,63
E:\MyWork\Lynx System\Lynx Engine\Current\src\Shader\LynxTextureAnimationPreviewVS.cpp,78,36,15,1,9,0,33,76,17,63
E:\MyWork\Lynx System\Lynx Engine\Current\src\Shader\LynxZPass_VelocityPS.cpp,85,45,18,3,7,0,33,76,17,63
E:\MyWork\Lynx System\Lynx Engine\Current\src\Shader\LynxZPass_Velocity_AlphaTestPS.cpp,85,45,18,3,7,0,33,76,17,63
E:\MyWork\Lynx System\Lynx Engine\Current\src\SoundSystem\LynxSoundSystem.cpp,41,14,4,0,2,0,25,69,17,63
E:\MyWork\Lynx System\Lynx Engine\Current\src\StateMachine\LynxRandTranslation.cpp,72,37,17,6,2,0,33,80,17,68
E:\MyWork\Lynx System\Lynx Engine\Current\src\StateMachine\LynxState.cpp,100,57,28,12,6,0,37,83,17,68
E:\MyWork\Lynx System\Lynx Engine\Current\src\StateMachine\LynxStateMachine.cpp,228,143,76,35,8,0,77,113,17,68
E:\MyWork\Lynx System\Lynx Engine\Current\src\StateMachine\LynxStateTranslation.cpp,112,66,33,16,5,0,41,86,17,68
E:\MyWork\Lynx System\Lynx Engine\Current\src\Tree\LynxOSP.cpp,129,11,3,0,2,0,116,255,17,63
E:\MyWork\Lynx System\Lynx Engine\Current\src\Tree\LynxOSPLeaf.cpp,39,11,3,0,3,0,25,69,17,63
E:\MyWork\Lynx System\Lynx Engine\Current\src\Tree\LynxOSPNode.cpp,39,11,3,0,3,0,25,69,17,63
E:\MyWork\Lynx System\Lynx Engine\Current\src\Tree\LynxTree.cpp,46,19,11,0,2,0,25,69,17,63
E:\MyWork\Lynx System\Lynx Engine\Current\src\Tree\LynxTreeLeaf.cpp,41,13,5,0,3,0,25,69,17,63
E:\MyWork\Lynx System\Lynx Engine\Current\src\Tree\LynxTreeNode.cpp,45,17,9,0,3,0,25,69,17,63
E:\MyWork\Lynx System\Lynx Engine\Current\src\複製 -MaterialSystem\LynxMaterial.cpp,246,172,110,20,10,0,64,104,17,63
E:\MyWork\Lynx System\Lynx Engine\Current\src\複製 -MaterialSystem\LynxMaterialPass.cpp,319,222,150,19,12,0,85,138,17,63
E:\MyWork\Lynx System\Lynx Engine\Current\src\複製 -MaterialSystem\LynxMaterialSystem.cpp,114,47,24,5,4,0,63,139,17,63
E:\MyWork\Lynx System\Lynx Engine\Current\src\複製 -MaterialSystem\LynxTextureAnimation.cpp,58,26,14,3,3,0,29,72,17,63
